"ID";"NOME"
277;"277 pessoa de 999"
278;"278 pessoa de 999"
279;"279 pessoa de 999"
280;"280 pessoa de 999"
281;"281 pessoa de 999"
282;"282 pessoa de 999"
283;"283 pessoa de 999"
284;"284 pessoa de 999"
285;"285 pessoa de 999"
286;"286 pessoa de 999"
287;"287 pessoa de 999"
288;"288 pessoa de 999"
289;"289 pessoa de 999"
290;"290 pessoa de 999"
291;"291 pessoa de 999"
292;"292 pessoa de 999"
293;"293 pessoa de 999"
294;"294 pessoa de 999"
295;"295 pessoa de 999"
296;"296 pessoa de 999"
297;"297 pessoa de 999"
298;"298 pessoa de 999"
299;"299 pessoa de 999"
300;"300 pessoa de 999"
301;"301 pessoa de 999"
302;"302 pessoa de 999"
303;"303 pessoa de 999"
304;"304 pessoa de 999"
305;"305 pessoa de 999"
306;"306 pessoa de 999"
307;"307 pessoa de 999"
308;"308 pessoa de 999"
309;"309 pessoa de 999"
310;"310 pessoa de 999"
311;"311 pessoa de 999"
312;"312 pessoa de 999"
313;"313 pessoa de 999"
314;"314 pessoa de 999"
315;"315 pessoa de 999"
316;"316 pessoa de 999"
317;"317 pessoa de 999"
318;"318 pessoa de 999"
319;"319 pessoa de 999"
320;"320 pessoa de 999"
321;"321 pessoa de 999"
322;"322 pessoa de 999"
323;"323 pessoa de 999"
324;"324 pessoa de 999"
325;"325 pessoa de 999"
326;"326 pessoa de 999"
327;"327 pessoa de 999"
328;"328 pessoa de 999"
329;"329 pessoa de 999"
330;"330 pessoa de 999"
331;"331 pessoa de 999"
332;"332 pessoa de 999"
333;"333 pessoa de 999"
334;"334 pessoa de 999"
335;"335 pessoa de 999"
336;"336 pessoa de 999"
337;"337 pessoa de 999"
338;"338 pessoa de 999"
339;"339 pessoa de 999"
340;"340 pessoa de 999"
341;"341 pessoa de 999"
342;"342 pessoa de 999"
343;"343 pessoa de 999"
344;"344 pessoa de 999"
345;"345 pessoa de 999"
346;"346 pessoa de 999"
347;"347 pessoa de 999"
348;"348 pessoa de 999"
349;"349 pessoa de 999"
350;"350 pessoa de 999"
351;"351 pessoa de 999"
352;"352 pessoa de 999"
353;"353 pessoa de 999"
354;"354 pessoa de 999"
355;"355 pessoa de 999"
356;"356 pessoa de 999"
357;"357 pessoa de 999"
358;"358 pessoa de 999"
359;"359 pessoa de 999"
360;"360 pessoa de 999"
361;"361 pessoa de 999"
362;"362 pessoa de 999"
363;"363 pessoa de 999"
364;"364 pessoa de 999"
365;"365 pessoa de 999"
366;"366 pessoa de 999"
367;"367 pessoa de 999"
368;"368 pessoa de 999"
369;"369 pessoa de 999"
370;"370 pessoa de 999"
371;"371 pessoa de 999"
372;"372 pessoa de 999"
373;"373 pessoa de 999"
374;"374 pessoa de 999"
375;"375 pessoa de 999"
376;"376 pessoa de 999"
377;"377 pessoa de 999"
378;"378 pessoa de 999"
379;"379 pessoa de 999"
380;"380 pessoa de 999"
381;"381 pessoa de 999"
382;"382 pessoa de 999"
383;"383 pessoa de 999"
384;"384 pessoa de 999"
385;"385 pessoa de 999"
386;"386 pessoa de 999"
387;"387 pessoa de 999"
388;"388 pessoa de 999"
389;"389 pessoa de 999"
390;"390 pessoa de 999"
391;"391 pessoa de 999"
392;"392 pessoa de 999"
393;"393 pessoa de 999"
394;"394 pessoa de 999"
395;"395 pessoa de 999"
396;"396 pessoa de 999"
397;"397 pessoa de 999"
398;"398 pessoa de 999"
399;"399 pessoa de 999"
400;"400 pessoa de 999"
401;"401 pessoa de 999"
402;"402 pessoa de 999"
403;"403 pessoa de 999"
404;"404 pessoa de 999"
405;"405 pessoa de 999"
406;"406 pessoa de 999"
407;"407 pessoa de 999"
408;"408 pessoa de 999"
409;"409 pessoa de 999"
410;"410 pessoa de 999"
411;"411 pessoa de 999"
412;"412 pessoa de 999"
413;"413 pessoa de 999"
414;"414 pessoa de 999"
415;"415 pessoa de 999"
416;"416 pessoa de 999"
417;"417 pessoa de 999"
418;"418 pessoa de 999"
419;"419 pessoa de 999"
420;"420 pessoa de 999"
421;"421 pessoa de 999"
422;"422 pessoa de 999"
423;"423 pessoa de 999"
424;"424 pessoa de 999"
425;"425 pessoa de 999"
426;"426 pessoa de 999"
427;"427 pessoa de 999"
428;"428 pessoa de 999"
429;"429 pessoa de 999"
430;"430 pessoa de 999"
431;"431 pessoa de 999"
432;"432 pessoa de 999"
433;"433 pessoa de 999"
434;"434 pessoa de 999"
435;"435 pessoa de 999"
436;"436 pessoa de 999"
437;"437 pessoa de 999"
438;"438 pessoa de 999"
439;"439 pessoa de 999"
440;"440 pessoa de 999"
441;"441 pessoa de 999"
442;"442 pessoa de 999"
443;"443 pessoa de 999"
444;"444 pessoa de 999"
445;"445 pessoa de 999"
446;"446 pessoa de 999"
447;"447 pessoa de 999"
448;"448 pessoa de 999"
449;"449 pessoa de 999"
450;"450 pessoa de 999"
451;"451 pessoa de 999"
452;"452 pessoa de 999"
453;"453 pessoa de 999"
454;"454 pessoa de 999"
455;"455 pessoa de 999"
456;"456 pessoa de 999"
457;"457 pessoa de 999"
458;"458 pessoa de 999"
459;"459 pessoa de 999"
460;"460 pessoa de 999"
461;"461 pessoa de 999"
462;"462 pessoa de 999"
463;"463 pessoa de 999"
464;"464 pessoa de 999"
465;"465 pessoa de 999"
466;"466 pessoa de 999"
467;"467 pessoa de 999"
468;"468 pessoa de 999"
469;"469 pessoa de 999"
470;"470 pessoa de 999"
471;"471 pessoa de 999"
472;"472 pessoa de 999"
473;"473 pessoa de 999"
474;"474 pessoa de 999"
475;"475 pessoa de 999"
476;"476 pessoa de 999"
477;"477 pessoa de 999"
478;"478 pessoa de 999"
479;"479 pessoa de 999"
480;"480 pessoa de 999"
481;"481 pessoa de 999"
482;"482 pessoa de 999"
483;"483 pessoa de 999"
484;"484 pessoa de 999"
485;"485 pessoa de 999"
486;"486 pessoa de 999"
487;"487 pessoa de 999"
488;"488 pessoa de 999"
489;"489 pessoa de 999"
490;"490 pessoa de 999"
491;"491 pessoa de 999"
492;"492 pessoa de 999"
493;"493 pessoa de 999"
494;"494 pessoa de 999"
495;"495 pessoa de 999"
496;"496 pessoa de 999"
497;"497 pessoa de 999"
498;"498 pessoa de 999"
499;"499 pessoa de 999"
500;"500 pessoa de 999"
501;"501 pessoa de 999"
502;"502 pessoa de 999"
503;"503 pessoa de 999"
504;"504 pessoa de 999"
505;"505 pessoa de 999"
506;"506 pessoa de 999"
507;"507 pessoa de 999"
508;"508 pessoa de 999"
509;"509 pessoa de 999"
510;"510 pessoa de 999"
511;"511 pessoa de 999"
512;"512 pessoa de 999"
513;"513 pessoa de 999"
514;"514 pessoa de 999"
515;"515 pessoa de 999"
516;"516 pessoa de 999"
517;"517 pessoa de 999"
518;"518 pessoa de 999"
519;"519 pessoa de 999"
520;"520 pessoa de 999"
521;"521 pessoa de 999"
522;"522 pessoa de 999"
523;"523 pessoa de 999"
524;"524 pessoa de 999"
525;"525 pessoa de 999"
526;"526 pessoa de 999"
527;"527 pessoa de 999"
528;"528 pessoa de 999"
529;"529 pessoa de 999"
530;"530 pessoa de 999"
531;"531 pessoa de 999"
532;"532 pessoa de 999"
533;"533 pessoa de 999"
534;"534 pessoa de 999"
535;"535 pessoa de 999"
536;"536 pessoa de 999"
537;"537 pessoa de 999"
538;"538 pessoa de 999"
539;"539 pessoa de 999"
540;"540 pessoa de 999"
541;"541 pessoa de 999"
542;"542 pessoa de 999"
543;"543 pessoa de 999"
544;"544 pessoa de 999"
545;"545 pessoa de 999"
546;"546 pessoa de 999"
547;"547 pessoa de 999"
548;"548 pessoa de 999"
549;"549 pessoa de 999"
550;"550 pessoa de 999"
551;"551 pessoa de 999"
552;"552 pessoa de 999"
553;"553 pessoa de 999"
554;"554 pessoa de 999"
555;"555 pessoa de 999"
556;"556 pessoa de 999"
557;"557 pessoa de 999"
558;"558 pessoa de 999"
559;"559 pessoa de 999"
560;"560 pessoa de 999"
561;"561 pessoa de 999"
562;"562 pessoa de 999"
563;"563 pessoa de 999"
564;"564 pessoa de 999"
565;"565 pessoa de 999"
566;"566 pessoa de 999"
567;"567 pessoa de 999"
568;"568 pessoa de 999"
569;"569 pessoa de 999"
570;"570 pessoa de 999"
571;"571 pessoa de 999"
572;"572 pessoa de 999"
573;"573 pessoa de 999"
574;"574 pessoa de 999"
575;"575 pessoa de 999"
576;"576 pessoa de 999"
577;"577 pessoa de 999"
578;"578 pessoa de 999"
579;"579 pessoa de 999"
580;"580 pessoa de 999"
581;"581 pessoa de 999"
582;"582 pessoa de 999"
583;"583 pessoa de 999"
584;"584 pessoa de 999"
585;"585 pessoa de 999"
586;"586 pessoa de 999"
587;"587 pessoa de 999"
588;"588 pessoa de 999"
589;"589 pessoa de 999"
590;"590 pessoa de 999"
591;"591 pessoa de 999"
592;"592 pessoa de 999"
593;"593 pessoa de 999"
594;"594 pessoa de 999"
595;"595 pessoa de 999"
596;"596 pessoa de 999"
597;"597 pessoa de 999"
598;"598 pessoa de 999"
599;"599 pessoa de 999"
600;"600 pessoa de 999"
601;"601 pessoa de 999"
602;"602 pessoa de 999"
603;"603 pessoa de 999"
604;"604 pessoa de 999"
605;"605 pessoa de 999"
606;"606 pessoa de 999"
607;"607 pessoa de 999"
608;"608 pessoa de 999"
609;"609 pessoa de 999"
610;"610 pessoa de 999"
611;"611 pessoa de 999"
612;"612 pessoa de 999"
613;"613 pessoa de 999"
614;"614 pessoa de 999"
615;"615 pessoa de 999"
616;"616 pessoa de 999"
617;"617 pessoa de 999"
618;"618 pessoa de 999"
619;"619 pessoa de 999"
620;"620 pessoa de 999"
621;"621 pessoa de 999"
622;"622 pessoa de 999"
623;"623 pessoa de 999"
624;"624 pessoa de 999"
625;"625 pessoa de 999"
626;"626 pessoa de 999"
627;"627 pessoa de 999"
628;"628 pessoa de 999"
629;"629 pessoa de 999"
630;"630 pessoa de 999"
631;"631 pessoa de 999"
632;"632 pessoa de 999"
633;"633 pessoa de 999"
634;"634 pessoa de 999"
635;"635 pessoa de 999"
636;"636 pessoa de 999"
637;"637 pessoa de 999"
638;"638 pessoa de 999"
639;"639 pessoa de 999"
640;"640 pessoa de 999"
641;"641 pessoa de 999"
642;"642 pessoa de 999"
643;"643 pessoa de 999"
644;"644 pessoa de 999"
645;"645 pessoa de 999"
646;"646 pessoa de 999"
647;"647 pessoa de 999"
648;"648 pessoa de 999"
649;"649 pessoa de 999"
650;"650 pessoa de 999"
651;"651 pessoa de 999"
652;"652 pessoa de 999"
653;"653 pessoa de 999"
654;"654 pessoa de 999"
655;"655 pessoa de 999"
656;"656 pessoa de 999"
657;"657 pessoa de 999"
658;"658 pessoa de 999"
659;"659 pessoa de 999"
660;"660 pessoa de 999"
661;"661 pessoa de 999"
662;"662 pessoa de 999"
663;"663 pessoa de 999"
664;"664 pessoa de 999"
665;"665 pessoa de 999"
666;"666 pessoa de 999"
667;"667 pessoa de 999"
668;"668 pessoa de 999"
669;"669 pessoa de 999"
670;"670 pessoa de 999"
671;"671 pessoa de 999"
672;"672 pessoa de 999"
673;"673 pessoa de 999"
674;"674 pessoa de 999"
675;"675 pessoa de 999"
676;"676 pessoa de 999"
677;"677 pessoa de 999"
678;"678 pessoa de 999"
679;"679 pessoa de 999"
680;"680 pessoa de 999"
681;"681 pessoa de 999"
682;"682 pessoa de 999"
683;"683 pessoa de 999"
684;"684 pessoa de 999"
685;"685 pessoa de 999"
686;"686 pessoa de 999"
687;"687 pessoa de 999"
688;"688 pessoa de 999"
689;"689 pessoa de 999"
690;"690 pessoa de 999"
691;"691 pessoa de 999"
692;"692 pessoa de 999"
693;"693 pessoa de 999"
694;"694 pessoa de 999"
695;"695 pessoa de 999"
696;"696 pessoa de 999"
697;"697 pessoa de 999"
698;"698 pessoa de 999"
699;"699 pessoa de 999"
700;"700 pessoa de 999"
701;"701 pessoa de 999"
702;"702 pessoa de 999"
703;"703 pessoa de 999"
704;"704 pessoa de 999"
705;"705 pessoa de 999"
706;"706 pessoa de 999"
707;"707 pessoa de 999"
708;"708 pessoa de 999"
709;"709 pessoa de 999"
710;"710 pessoa de 999"
711;"711 pessoa de 999"
712;"712 pessoa de 999"
713;"713 pessoa de 999"
714;"714 pessoa de 999"
715;"715 pessoa de 999"
716;"716 pessoa de 999"
717;"717 pessoa de 999"
718;"718 pessoa de 999"
719;"719 pessoa de 999"
720;"720 pessoa de 999"
721;"721 pessoa de 999"
722;"722 pessoa de 999"
723;"723 pessoa de 999"
724;"724 pessoa de 999"
725;"725 pessoa de 999"
726;"726 pessoa de 999"
727;"727 pessoa de 999"
728;"728 pessoa de 999"
729;"729 pessoa de 999"
730;"730 pessoa de 999"
731;"731 pessoa de 999"
732;"732 pessoa de 999"
733;"733 pessoa de 999"
734;"734 pessoa de 999"
735;"735 pessoa de 999"
736;"736 pessoa de 999"
737;"737 pessoa de 999"
738;"738 pessoa de 999"
739;"739 pessoa de 999"
740;"740 pessoa de 999"
741;"741 pessoa de 999"
742;"742 pessoa de 999"
743;"743 pessoa de 999"
744;"744 pessoa de 999"
745;"745 pessoa de 999"
746;"746 pessoa de 999"
747;"747 pessoa de 999"
748;"748 pessoa de 999"
749;"749 pessoa de 999"
750;"750 pessoa de 999"
751;"751 pessoa de 999"
752;"752 pessoa de 999"
753;"753 pessoa de 999"
754;"754 pessoa de 999"
755;"755 pessoa de 999"
756;"756 pessoa de 999"
757;"757 pessoa de 999"
758;"758 pessoa de 999"
759;"759 pessoa de 999"
760;"760 pessoa de 999"
761;"761 pessoa de 999"
762;"762 pessoa de 999"
763;"763 pessoa de 999"
764;"764 pessoa de 999"
765;"765 pessoa de 999"
766;"766 pessoa de 999"
767;"767 pessoa de 999"
768;"768 pessoa de 999"
769;"769 pessoa de 999"
770;"770 pessoa de 999"
771;"771 pessoa de 999"
772;"772 pessoa de 999"
773;"773 pessoa de 999"
774;"774 pessoa de 999"
775;"775 pessoa de 999"
776;"776 pessoa de 999"
777;"777 pessoa de 999"
778;"778 pessoa de 999"
779;"779 pessoa de 999"
780;"780 pessoa de 999"
781;"781 pessoa de 999"
782;"782 pessoa de 999"
783;"783 pessoa de 999"
784;"784 pessoa de 999"
785;"785 pessoa de 999"
786;"786 pessoa de 999"
787;"787 pessoa de 999"
788;"788 pessoa de 999"
789;"789 pessoa de 999"
790;"790 pessoa de 999"
791;"791 pessoa de 999"
792;"792 pessoa de 999"
793;"793 pessoa de 999"
794;"794 pessoa de 999"
795;"795 pessoa de 999"
796;"796 pessoa de 999"
797;"797 pessoa de 999"
798;"798 pessoa de 999"
799;"799 pessoa de 999"
800;"800 pessoa de 999"
801;"801 pessoa de 999"
802;"802 pessoa de 999"
803;"803 pessoa de 999"
804;"804 pessoa de 999"
805;"805 pessoa de 999"
806;"806 pessoa de 999"
807;"807 pessoa de 999"
808;"808 pessoa de 999"
809;"809 pessoa de 999"
810;"810 pessoa de 999"
811;"811 pessoa de 999"
812;"812 pessoa de 999"
813;"813 pessoa de 999"
814;"814 pessoa de 999"
815;"815 pessoa de 999"
816;"816 pessoa de 999"
817;"817 pessoa de 999"
818;"818 pessoa de 999"
819;"819 pessoa de 999"
820;"820 pessoa de 999"
821;"821 pessoa de 999"
822;"822 pessoa de 999"
823;"823 pessoa de 999"
824;"824 pessoa de 999"
825;"825 pessoa de 999"
826;"826 pessoa de 999"
827;"827 pessoa de 999"
828;"828 pessoa de 999"
829;"829 pessoa de 999"
830;"830 pessoa de 999"
831;"831 pessoa de 999"
832;"832 pessoa de 999"
833;"833 pessoa de 999"
834;"834 pessoa de 999"
835;"835 pessoa de 999"
836;"836 pessoa de 999"
837;"837 pessoa de 999"
838;"838 pessoa de 999"
839;"839 pessoa de 999"
840;"840 pessoa de 999"
841;"841 pessoa de 999"
842;"842 pessoa de 999"
843;"843 pessoa de 999"
844;"844 pessoa de 999"
845;"845 pessoa de 999"
846;"846 pessoa de 999"
847;"847 pessoa de 999"
848;"848 pessoa de 999"
849;"849 pessoa de 999"
850;"850 pessoa de 999"
851;"851 pessoa de 999"
852;"852 pessoa de 999"
853;"853 pessoa de 999"
854;"854 pessoa de 999"
855;"855 pessoa de 999"
856;"856 pessoa de 999"
857;"857 pessoa de 999"
858;"858 pessoa de 999"
859;"859 pessoa de 999"
860;"860 pessoa de 999"
861;"861 pessoa de 999"
862;"862 pessoa de 999"
863;"863 pessoa de 999"
864;"864 pessoa de 999"
865;"865 pessoa de 999"
866;"866 pessoa de 999"
867;"867 pessoa de 999"
868;"868 pessoa de 999"
869;"869 pessoa de 999"
870;"870 pessoa de 999"
871;"871 pessoa de 999"
872;"872 pessoa de 999"
873;"873 pessoa de 999"
874;"874 pessoa de 999"
875;"875 pessoa de 999"
876;"876 pessoa de 999"
877;"877 pessoa de 999"
878;"878 pessoa de 999"
879;"879 pessoa de 999"
880;"880 pessoa de 999"
881;"881 pessoa de 999"
882;"882 pessoa de 999"
883;"883 pessoa de 999"
884;"884 pessoa de 999"
885;"885 pessoa de 999"
886;"886 pessoa de 999"
887;"887 pessoa de 999"
888;"888 pessoa de 999"
889;"889 pessoa de 999"
890;"890 pessoa de 999"
891;"891 pessoa de 999"
892;"892 pessoa de 999"
893;"893 pessoa de 999"
894;"894 pessoa de 999"
895;"895 pessoa de 999"
896;"896 pessoa de 999"
897;"897 pessoa de 999"
898;"898 pessoa de 999"
899;"899 pessoa de 999"
900;"900 pessoa de 999"
901;"901 pessoa de 999"
902;"902 pessoa de 999"
903;"903 pessoa de 999"
904;"904 pessoa de 999"
905;"905 pessoa de 999"
906;"906 pessoa de 999"
907;"907 pessoa de 999"
908;"908 pessoa de 999"
909;"909 pessoa de 999"
910;"910 pessoa de 999"
911;"911 pessoa de 999"
912;"912 pessoa de 999"
913;"913 pessoa de 999"
914;"914 pessoa de 999"
915;"915 pessoa de 999"
916;"916 pessoa de 999"
917;"917 pessoa de 999"
918;"918 pessoa de 999"
919;"919 pessoa de 999"
920;"920 pessoa de 999"
921;"921 pessoa de 999"
922;"922 pessoa de 999"
923;"923 pessoa de 999"
924;"924 pessoa de 999"
925;"925 pessoa de 999"
926;"926 pessoa de 999"
927;"927 pessoa de 999"
928;"928 pessoa de 999"
929;"929 pessoa de 999"
930;"930 pessoa de 999"
931;"931 pessoa de 999"
932;"932 pessoa de 999"
933;"933 pessoa de 999"
934;"934 pessoa de 999"
935;"935 pessoa de 999"
936;"936 pessoa de 999"
937;"937 pessoa de 999"
938;"938 pessoa de 999"
939;"939 pessoa de 999"
940;"940 pessoa de 999"
941;"941 pessoa de 999"
942;"942 pessoa de 999"
943;"943 pessoa de 999"
944;"944 pessoa de 999"
945;"945 pessoa de 999"
946;"946 pessoa de 999"
947;"947 pessoa de 999"
948;"948 pessoa de 999"
949;"949 pessoa de 999"
950;"950 pessoa de 999"
951;"951 pessoa de 999"
952;"952 pessoa de 999"
953;"953 pessoa de 999"
954;"954 pessoa de 999"
955;"955 pessoa de 999"
956;"956 pessoa de 999"
957;"957 pessoa de 999"
958;"958 pessoa de 999"
959;"959 pessoa de 999"
960;"960 pessoa de 999"
961;"961 pessoa de 999"
962;"962 pessoa de 999"
963;"963 pessoa de 999"
964;"964 pessoa de 999"
965;"965 pessoa de 999"
966;"966 pessoa de 999"
967;"967 pessoa de 999"
968;"968 pessoa de 999"
969;"969 pessoa de 999"
970;"970 pessoa de 999"
971;"971 pessoa de 999"
972;"972 pessoa de 999"
973;"973 pessoa de 999"
974;"974 pessoa de 999"
975;"975 pessoa de 999"
976;"976 pessoa de 999"
977;"977 pessoa de 999"
978;"978 pessoa de 999"
979;"979 pessoa de 999"
980;"980 pessoa de 999"
981;"981 pessoa de 999"
982;"982 pessoa de 999"
983;"983 pessoa de 999"
984;"984 pessoa de 999"
985;"985 pessoa de 999"
986;"986 pessoa de 999"
987;"987 pessoa de 999"
988;"988 pessoa de 999"
989;"989 pessoa de 999"
990;"990 pessoa de 999"
991;"991 pessoa de 999"
992;"992 pessoa de 999"
993;"993 pessoa de 999"
994;"994 pessoa de 999"
995;"995 pessoa de 999"
996;"996 pessoa de 999"
997;"997 pessoa de 999"
998;"998 pessoa de 999"
999;"999 pessoa de 999"
1;"1 pessoa de 999"
2;"2 pessoa de 999"
3;"3 pessoa de 999"
4;"4 pessoa de 999"
5;"5 pessoa de 999"
6;"6 pessoa de 999"
7;"7 pessoa de 999"
8;"8 pessoa de 999"
9;"9 pessoa de 999"
10;"10 pessoa de 999"
11;"11 pessoa de 999"
12;"12 pessoa de 999"
13;"13 pessoa de 999"
14;"14 pessoa de 999"
15;"15 pessoa de 999"
16;"16 pessoa de 999"
17;"17 pessoa de 999"
18;"18 pessoa de 999"
19;"19 pessoa de 999"
20;"20 pessoa de 999"
21;"21 pessoa de 999"
22;"22 pessoa de 999"
23;"23 pessoa de 999"
24;"24 pessoa de 999"
25;"25 pessoa de 999"
26;"26 pessoa de 999"
27;"27 pessoa de 999"
28;"28 pessoa de 999"
29;"29 pessoa de 999"
30;"30 pessoa de 999"
31;"31 pessoa de 999"
32;"32 pessoa de 999"
33;"33 pessoa de 999"
34;"34 pessoa de 999"
35;"35 pessoa de 999"
36;"36 pessoa de 999"
37;"37 pessoa de 999"
38;"38 pessoa de 999"
39;"39 pessoa de 999"
40;"40 pessoa de 999"
41;"41 pessoa de 999"
42;"42 pessoa de 999"
43;"43 pessoa de 999"
44;"44 pessoa de 999"
45;"45 pessoa de 999"
46;"46 pessoa de 999"
47;"47 pessoa de 999"
48;"48 pessoa de 999"
49;"49 pessoa de 999"
50;"50 pessoa de 999"
51;"51 pessoa de 999"
52;"52 pessoa de 999"
53;"53 pessoa de 999"
54;"54 pessoa de 999"
55;"55 pessoa de 999"
56;"56 pessoa de 999"
57;"57 pessoa de 999"
58;"58 pessoa de 999"
59;"59 pessoa de 999"
60;"60 pessoa de 999"
61;"61 pessoa de 999"
62;"62 pessoa de 999"
63;"63 pessoa de 999"
64;"64 pessoa de 999"
65;"65 pessoa de 999"
66;"66 pessoa de 999"
67;"67 pessoa de 999"
68;"68 pessoa de 999"
69;"69 pessoa de 999"
70;"70 pessoa de 999"
71;"71 pessoa de 999"
72;"72 pessoa de 999"
73;"73 pessoa de 999"
74;"74 pessoa de 999"
75;"75 pessoa de 999"
76;"76 pessoa de 999"
77;"77 pessoa de 999"
78;"78 pessoa de 999"
79;"79 pessoa de 999"
80;"80 pessoa de 999"
81;"81 pessoa de 999"
82;"82 pessoa de 999"
83;"83 pessoa de 999"
84;"84 pessoa de 999"
85;"85 pessoa de 999"
86;"86 pessoa de 999"
87;"87 pessoa de 999"
88;"88 pessoa de 999"
89;"89 pessoa de 999"
90;"90 pessoa de 999"
91;"91 pessoa de 999"
92;"92 pessoa de 999"
93;"93 pessoa de 999"
94;"94 pessoa de 999"
95;"95 pessoa de 999"
96;"96 pessoa de 999"
97;"97 pessoa de 999"
98;"98 pessoa de 999"
99;"99 pessoa de 999"
100;"100 pessoa de 999"
101;"101 pessoa de 999"
102;"102 pessoa de 999"
103;"103 pessoa de 999"
104;"104 pessoa de 999"
105;"105 pessoa de 999"
106;"106 pessoa de 999"
107;"107 pessoa de 999"
108;"108 pessoa de 999"
109;"109 pessoa de 999"
110;"110 pessoa de 999"
111;"111 pessoa de 999"
112;"112 pessoa de 999"
113;"113 pessoa de 999"
114;"114 pessoa de 999"
115;"115 pessoa de 999"
116;"116 pessoa de 999"
117;"117 pessoa de 999"
118;"118 pessoa de 999"
119;"119 pessoa de 999"
120;"120 pessoa de 999"
121;"121 pessoa de 999"
122;"122 pessoa de 999"
123;"123 pessoa de 999"
124;"124 pessoa de 999"
125;"125 pessoa de 999"
126;"126 pessoa de 999"
127;"127 pessoa de 999"
128;"128 pessoa de 999"
129;"129 pessoa de 999"
130;"130 pessoa de 999"
131;"131 pessoa de 999"
132;"132 pessoa de 999"
133;"133 pessoa de 999"
134;"134 pessoa de 999"
135;"135 pessoa de 999"
136;"136 pessoa de 999"
137;"137 pessoa de 999"
138;"138 pessoa de 999"
139;"139 pessoa de 999"
140;"140 pessoa de 999"
141;"141 pessoa de 999"
142;"142 pessoa de 999"
143;"143 pessoa de 999"
144;"144 pessoa de 999"
145;"145 pessoa de 999"
146;"146 pessoa de 999"
147;"147 pessoa de 999"
148;"148 pessoa de 999"
149;"149 pessoa de 999"
150;"150 pessoa de 999"
151;"151 pessoa de 999"
152;"152 pessoa de 999"
153;"153 pessoa de 999"
154;"154 pessoa de 999"
155;"155 pessoa de 999"
156;"156 pessoa de 999"
157;"157 pessoa de 999"
158;"158 pessoa de 999"
159;"159 pessoa de 999"
160;"160 pessoa de 999"
161;"161 pessoa de 999"
162;"162 pessoa de 999"
163;"163 pessoa de 999"
164;"164 pessoa de 999"
165;"165 pessoa de 999"
166;"166 pessoa de 999"
167;"167 pessoa de 999"
168;"168 pessoa de 999"
169;"169 pessoa de 999"
170;"170 pessoa de 999"
171;"171 pessoa de 999"
172;"172 pessoa de 999"
173;"173 pessoa de 999"
174;"174 pessoa de 999"
175;"175 pessoa de 999"
176;"176 pessoa de 999"
177;"177 pessoa de 999"
178;"178 pessoa de 999"
179;"179 pessoa de 999"
180;"180 pessoa de 999"
181;"181 pessoa de 999"
182;"182 pessoa de 999"
183;"183 pessoa de 999"
184;"184 pessoa de 999"
185;"185 pessoa de 999"
186;"186 pessoa de 999"
187;"187 pessoa de 999"
188;"188 pessoa de 999"
189;"189 pessoa de 999"
190;"190 pessoa de 999"
191;"191 pessoa de 999"
192;"192 pessoa de 999"
193;"193 pessoa de 999"
194;"194 pessoa de 999"
195;"195 pessoa de 999"
196;"196 pessoa de 999"
197;"197 pessoa de 999"
198;"198 pessoa de 999"
199;"199 pessoa de 999"
200;"200 pessoa de 999"
201;"201 pessoa de 999"
202;"202 pessoa de 999"
203;"203 pessoa de 999"
204;"204 pessoa de 999"
205;"205 pessoa de 999"
206;"206 pessoa de 999"
207;"207 pessoa de 999"
208;"208 pessoa de 999"
209;"209 pessoa de 999"
210;"210 pessoa de 999"
211;"211 pessoa de 999"
212;"212 pessoa de 999"
213;"213 pessoa de 999"
214;"214 pessoa de 999"
215;"215 pessoa de 999"
216;"216 pessoa de 999"
217;"217 pessoa de 999"
218;"218 pessoa de 999"
219;"219 pessoa de 999"
220;"220 pessoa de 999"
221;"221 pessoa de 999"
222;"222 pessoa de 999"
223;"223 pessoa de 999"
224;"224 pessoa de 999"
225;"225 pessoa de 999"
226;"226 pessoa de 999"
227;"227 pessoa de 999"
228;"228 pessoa de 999"
229;"229 pessoa de 999"
230;"230 pessoa de 999"
231;"231 pessoa de 999"
232;"232 pessoa de 999"
233;"233 pessoa de 999"
234;"234 pessoa de 999"
235;"235 pessoa de 999"
236;"236 pessoa de 999"
237;"237 pessoa de 999"
238;"238 pessoa de 999"
239;"239 pessoa de 999"
240;"240 pessoa de 999"
241;"241 pessoa de 999"
242;"242 pessoa de 999"
243;"243 pessoa de 999"
244;"244 pessoa de 999"
245;"245 pessoa de 999"
246;"246 pessoa de 999"
247;"247 pessoa de 999"
248;"248 pessoa de 999"
249;"249 pessoa de 999"
250;"250 pessoa de 999"
251;"251 pessoa de 999"
252;"252 pessoa de 999"
253;"253 pessoa de 999"
254;"254 pessoa de 999"
255;"255 pessoa de 999"
256;"256 pessoa de 999"
257;"257 pessoa de 999"
258;"258 pessoa de 999"
259;"259 pessoa de 999"
260;"260 pessoa de 999"
261;"261 pessoa de 999"
262;"262 pessoa de 999"
263;"263 pessoa de 999"
264;"264 pessoa de 999"
265;"265 pessoa de 999"
266;"266 pessoa de 999"
267;"267 pessoa de 999"
268;"268 pessoa de 999"
269;"269 pessoa de 999"
270;"270 pessoa de 999"
271;"271 pessoa de 999"
272;"272 pessoa de 999"
273;"273 pessoa de 999"
274;"274 pessoa de 999"
275;"275 pessoa de 999"
276;"276 pessoa de 999"
